202331099.asepeyo.site,[ED A - P-1] DPV
202331089.asepeyo.site,[ED A - P-1B] SPP
202331093.asepeyo.site,[ED A - P-1B] HHCC 2
202331225.asepeyo.site,[ED A - P-1B] HHCC 1
202331103.asepeyo.site,[ED A - P-1B] UCA
202331098.asepeyo.site,[ED A - P0] Admissio
202331104.asepeyo.site,[ED A - P0] Administració 
202331097.asepeyo.site,[ED A - P1] Direcció Medica
202331072.asepeyo.site,[ED H - P-1] UCI mostrador
202331071.asepeyo.site,[ED H - P-1] Despatx anestessia
202331077.asepeyo.site,[ED H - P-1] Esterilització 
202331088.asepeyo.site,[ED H - P0] CEX 01
202331076.asepeyo.site,[ED H - P-1] Reanimacio
202331074.asepeyo.site,[ED H - P-1] Gran Hermano
202331087.asepeyo.site,[ED H - P0] CEX 02
202331086.asepeyo.site,[ED H - P0] CEX 03
202331085.asepeyo.site,[ED H - P0] CEX 04
202331084.asepeyo.site,[ED H - P-1] secretaria QUIR
202331231.asepeyo.site,[ED H - P-1] FarmacIa
202331228.asepeyo.site,[ED H - P-1] Laboratori
202331100.asepeyo.site,[ED H - P-1] CMA
202331230.asepeyo.site,[ED H - P-2] Magatzem
202331094.asepeyo.site,[ED H - P0] Admissió urgencies
202331096.asepeyo.site,[ED H - P0] CEX 05
202331069.asepeyo.site,[ED H - P0] CEX 06
202331081.asepeyo.site,[ED H - P0] CEX 07
202331080.asepeyo.site,[ED H - P0] CEX 08
202331079.asepeyo.site,[ED H - P0] CEX 09
202331078.asepeyo.site,[ED H - P0] CEX 10
202331090.asepeyo.site,[ED H - P0] CEX 11
202331073.asepeyo.site,[ED H - P-1] CEX 13
202331075.asepeyo.site,[ED H - P-1] CEX 14
202331092.asepeyo.site,[ED H - P-1] CEX 15
202331102.asepeyo.site,[ED H - P-1] CEX 16
202330927.asepeyo.site,[ED H - P0] RHB Metge 1
202331083.asepeyo.site,[ED H - P0] secretaria RDL
202331095.asepeyo.site,[ED H - P0] Secretaria RHB
202331091.asepeyo.site,[ED H - P0] Urgencies infermeria
202331229.asepeyo.site,[ED A - P0] Admissions office
202331101.asepeyo.site,[ED H - P1] UH1
202331082.asepeyo.site,[ED H - P1] UH3
202331070.asepeyo.site,[ED H - P2] Psicologia
202234566.asepeyo.site,[ED H - P1] Asistent social
202234567.asepeyo.site,[ED H - P0] RHB Metge 2
202330185.asepeyo.site,[ED A - P-2] Sala llibre asepeyo